{"_runtime":492.191876,"_step":2869,"graph_0":{"_type":"graph-file","sha256":"9074a6ef77b2d0db4faaecdc968a10d084df3628c985c04b0a68cd8656bd705d","size":3187,"path":"media/graph/graph_0_summary_9074a6ef77b2d0db4faa.graph.json"},"_wandb":{"runtime":492},"game/length":11,"_timestamp":1.745341983682187e+09}