{"game/length":12,"_timestamp":1.745340703515976e+09,"_runtime":14.409118,"_step":99,"graph_0":{"path":"media/graph/graph_0_summary_d3fc71e90fceffa69b10.graph.json","_type":"graph-file","sha256":"d3fc71e90fceffa69b104679bdb21c8a6dc77f17fdc12cd46d6d3c798d4a5c78","size":3187},"_wandb":{"runtime":15}}