{"_runtime":11.659758,"_step":99,"game/length":21,"graph_0":{"_type":"graph-file","sha256":"30358c199f0cbc80c6bd4052b14483ae442c2d32d689d50861d51cb5cc401610","size":3187,"path":"media/graph/graph_0_summary_30358c199f0cbc80c6bd.graph.json"},"_wandb":{"runtime":12},"_timestamp":1.745340984832119e+09}