{"game/length":24,"_timestamp":1.7453408223549938e+09,"_runtime":15.228324,"_step":99,"graph_0":{"_type":"graph-file","sha256":"8e6916cbbc717ac7654af96014a3930b2b3179d7e067ccd921d97489097a1740","size":3187,"path":"media/graph/graph_0_summary_8e6916cbbc717ac7654a.graph.json"},"_wandb":{"runtime":16}}