{"_timestamp":1.745342005229373e+09,"_runtime":13.857364,"_step":99,"game/length":15,"graph_0":{"path":"media/graph/graph_0_summary_fc1142e43fc5b2d82a53.graph.json","_type":"graph-file","sha256":"fc1142e43fc5b2d82a533a8f08c6ad5daf13ed4b8989addaaf1d087d3a870d14","size":3187},"_wandb":{"runtime":15}}