{"loss/total":2.2047061920166016,"graph_0":{"_type":"graph-file","sha256":"cbfad8143db021ffb5aa23624c8569f0aed535ecb85c8a984e0b29f95767205b","size":3187,"path":"media/graph/graph_0_summary_cbfad8143db021ffb5aa.graph.json"},"_timestamp":1.7453421505630028e+09,"_runtime":122.664479,"loss/value":0,"loss/reward":0,"_step":856,"game/length":53,"loss/policy":8.818824768066406,"_wandb":{"runtime":122}}