{"_wandb":{"runtime":13},"_step":78,"game/length":15,"_timestamp":1.745340853161292e+09,"_runtime":13.256399,"graph_0":{"path":"media/graph/graph_0_summary_dc460c1de404bed14078.graph.json","_type":"graph-file","sha256":"dc460c1de404bed14078d029aa061e87ba47eccb8322ed5b7b0d5b91c78d23a4","size":3187}}