{"game/length":50,"_timestamp":1.745340509519479e+09,"_runtime":14.978835,"_step":99,"graph_0":{"_type":"graph-file","sha256":"6c2e132dfc593cc3d844886e87a04fd21837e8c0f452b06333fdd02aa0bb05f4","size":3187,"path":"media/graph/graph_0_summary_6c2e132dfc593cc3d844.graph.json"},"_wandb":{"runtime":15}}