{"game/length":22,"graph_0":{"path":"media/graph/graph_0_summary_b88094d193e0dceb5932.graph.json","_type":"graph-file","sha256":"b88094d193e0dceb593293369b3e3dd70ef52f2f51a3188f0ac7e0b06630c01c","size":3187},"_wandb":{"runtime":14},"_timestamp":1.7453407485999281e+09,"_runtime":13.883635,"_step":99}