{"_step":99,"game/length":26,"graph_0":{"sha256":"831c174db2ba8e83cbb4aa34e10ae6672b60c9d9277584a361499919a1c9d80f","size":3187,"path":"media/graph/graph_0_summary_831c174db2ba8e83cbb4.graph.json","_type":"graph-file"},"_wandb":{"runtime":18},"_timestamp":1.74534103825264e+09,"_runtime":17.294013}