{"_wandb":{"runtime":311},"game/length":18,"_timestamp":1.7453414857997282e+09,"_runtime":311.063353,"_step":2112,"graph_0":{"_type":"graph-file","sha256":"54cc6e0e03811713a80b2f42093a853a3ad0a2d9eddfc9d0adf4b7f7f2720b6c","size":3187,"path":"media/graph/graph_0_summary_54cc6e0e03811713a80b.graph.json"}}