{"_runtime":45.486226,"graph_0":{"size":3187,"path":"media/graph/graph_0_summary_8373b47b681e719b1729.graph.json","_type":"graph-file","sha256":"8373b47b681e719b17294191e6a6722f333274a4457f71643e4a2fafe3f75105"},"_wandb":{"runtime":45},"_step":373,"game/length":12,"_timestamp":1.7453411169918919e+09}