{"_timestamp":1.745340551015373e+09,"graph_0":{"_type":"graph-file","sha256":"ff1b9055879222251b0e868b9eacfd22ac9c300c9f6143ff3051d14797281c2a","size":3187,"path":"media/graph/graph_0_summary_ff1b9055879222251b0e.graph.json"},"_wandb":{"runtime":14},"_runtime":13.782586,"_step":99,"game/length":15}