{"graph_0":{"_type":"graph-file","sha256":"6ebcdb2781d931e49fa0443c63dce6bfde905e36a3295cec5d7cf1f72e7ad78e","size":3187,"path":"media/graph/graph_0_summary_6ebcdb2781d931e49fa0.graph.json"},"_wandb":{"runtime":13},"_step":99,"game/length":29,"_timestamp":1.7453408702580469e+09,"_runtime":12.64901}